time,open,high,low,close,Volume,Volume MA,Volume,Volume MA,RSI,OnBalanceVolume,Accumulation/Distribution,Accumulation/Distribution,OnBalanceVolume,ADX,Aroon Up,Aroon Down,Histogram,MACD,Signal,RSI,%K,%D
1632700800,68.05,82,63.29,69.54,1933445.9658500003,NaN,1933445.9658500003,NaN,NaN,NaN,-641726.3200389344,-641726.3200389344,NaN,NaN,NaN,NaN,NaN,NaN,NaN,NaN,NaN,NaN
1633305600,69.53,69.55,56.35,56.88,2418725.0489900014,NaN,2418725.0489900014,NaN,NaN,-2418725.0489900014,-2866220.4181251926,-2866220.4181251926,-2418725.0489900014,NaN,NaN,NaN,NaN,NaN,NaN,NaN,NaN,NaN
1633910400,56.87,62.14,51.2,56.12,2240371.72652,NaN,2240371.72652,NaN,NaN,-4659096.775510002,-3091486.3138447558,-3091486.3138447558,-4659096.775510002,NaN,NaN,NaN,NaN,NaN,NaN,NaN,NaN,NaN
1634515200,56.15,69.4,54.16,64.71,2480156.3687899993,NaN,2480156.3687899993,NaN,NaN,-2178940.4067200026,-2137830.3872627774,-2137830.3872627774,-2178940.4067200026,NaN,NaN,NaN,NaN,NaN,NaN,NaN,NaN,NaN
1635120000,64.75,75,59.7,64.88,2394779.634080001,NaN,2394779.634080001,NaN,NaN,215839.2273599985,-2911046.8181356685,-2911046.8181356685,215839.2273599985,NaN,NaN,NaN,NaN,NaN,NaN,NaN,NaN,NaN